Transportas,Marsrutas,ReisoID,MasinosNumeris,Ilguma,Platuma,Greitis,Azimutas,ReisoPradziaMinutemis,NuokrypisSekundemis,MatavimoLaikas,MasinosTipas,KryptiesTipas,KryptiesPavadinimas,ReisoIdGTFS,
Autobusai,9,23167982027,4543,25293751,54720520,0,170,1227,0,79082,KWNZ,A>D,Autobusų parkas,,
Troleibusai,18,22854692135,2754,25217188,54703479,0,336,1295,0,79080,KZ,A>D,2-asis troleibusų parkas (Justiniškių g.),,
Troleibusai,7,23160282141,2708,25216564,54703704,0,290,1301,0,79076,KZ,A>D,2-asis troleibusų parkas (Justiniškių g.),,
Troleibusai,18,22854732146,2758,25217359,54702476,11,292,1306,0,79083,KWNZ,A>D,2-asis troleibusų parkas (Justiniškių g.),,
Autobusai,65,22928771936,7073,25271804,54631632,0,208,1176,0,78448,,A>D,Autobusų parkas (Kirtimai),,
Autobusai,59,,3115,25213990,54682125,19,108,,,78448,KWZ,B>A,Grigiškės,,
Troleibusai,2,23159872130,1700,25322829,54709460,0,246,1290,0,79058,KZ,A>D,1-asis troleibusų parkas (Žolyno g.),,
Autobusai,2,,959,25291336,54721050,0,348,,,78522,Z,A>D,Autobusų parkas (Verkių g.),,
Autobusai,1G,,4646,25284071,54704772,31,6,,,78440,Z,A>B,Santariškės,,
Autobusai,6G,,4152,25291183,54721834,0,96,,,78598,KWZD,A>D,Autobusų parkas (Verkių g.),,
Autobusai,7,23040282003,8035,25255067,54634125,0,178,1203,0,77577,KWZ,X>D,AP2(Transrevis),,
Autobusai,3,,4033,25294531,54722344,0,160,,,78180,KZ,D>A,Stotis,,
Autobusai,5,,4501,25292244,54721554,0,178,,,78874,KWZ,B>D,Autobusų parkas (Verkių g.),,
Autobusai,56,,983,25293567,54720500,0,192,,,79059,Z,A>D,Autobusų parkas (Verkių g.),,
Autobusai,89,,4612,25294896,54720731,4,20,,,79061,KWNZ,D>B,Stotis,,
Autobusai,76,,4519,25293073,54720686,0,82,,,79073,KWZ,A>D,Autobusų parkas (Verkių g.),,
Autobusai,49,,988,25294643,54722368,0,156,,,77769,Z,A>D,Autobusų parkas (Verkių g.),,
Autobusai,53,,747,25291787,54722004,0,148,,,77613,KZ,A>D,Autobusų parkas (Verkių g.),,
Autobusai,4G,,8007,25255489,54633938,0,284,,,78670,KWZ,X>D,AP2(Transrevis),,
Autobusai,3,,943,25291489,54720992,0,344,,,77372,Z,A>D,Autobusų parkas (Verkių g.),,
Autobusai,29,,3038,25292179,54720087,0,178,,,79083,KZ,A>D,Autobusų parkas (Verkių g.),,
Autobusai,1G,,4165,25291959,54720209,0,174,,,79070,KWZD,B>D,Autobusų parkas (Verkių g.),,
Autobusai,7,23040302043,8038,25254984,54634122,0,208,1243,0,78215,KWZ,X>D,AP2(Transrevis),,
Autobusai,3G,,4563,25291020,54721735,0,96,,,78807,KWZD,A>D,Autobusų parkas (Verkių g.),,
Autobusai,3G,,4593,25293821,54720131,0,348,,,79082,KWNZD,A>D,Autobusų parkas (Verkių g.),,
Autobusai,30,23150911809,781,25215899,54703740,0,286,1089,0,79076,KZ,A>D,2-asis troleibusų parkas (Justiniškių g.),,
Autobusai,49,,4517,25293743,54719995,0,338,,,79079,KWZ,A>D,Autobusų parkas (Verkių g.),,
Autobusai,34,,957,25293689,54720337,0,178,,,78676,Z,B>D,Autobusų parkas (Verkių g.),,
Autobusai,4G,,8014,25255395,54634147,0,196,,,78955,KWZ,A>D1,Autobusų parkas(Eišiškių pl.),,
Autobusai,115,,4506,25292322,54721530,0,176,,,77984,KWZ,A>D,Autobusų parkas (Verkių g.),,
Autobusai,5G,,4591,25292221,54721825,0,138,,,77314,KWNZD,B>D,Autobusų parkas (Verkių g.),,
Autobusai,2G,,4021,25291622,54722008,0,320,,,77928,KZ,A>D,Autobusų parkas (Verkių g.),,
Autobusai,114,23096422003,7032,25271565,54631888,0,280,1203,0,79066,KWZ,A>D,Autobusų parkas (Kirtimai),,
Autobusai,53,,4657,25292281,54720107,0,178,,,79069,Z,A>D,Autobusų parkas (Verkių g.),,
Troleibusai,2,,1631,25322440,54708982,0,200,,,79071,,A>D,1-asis troleibusų parkas (Žolyno g.),,
Autobusai,3G,,4555,25291046,54721792,0,92,,,78638,KWZD,A>D,Autobusų parkas (Verkių g.),,
Autobusai,5G,,4018,25291797,54721972,0,304,,,77685,Z,B>D,Autobusų parkas (Verkių g.),,
Autobusai,50,,4120,25294209,54720440,0,350,,,79084,KWZ,A>D,Autobusų parkas (Verkių g.),,
Autobusai,3G,,4654,25292214,54720114,0,178,,,79076,Z,A>D,Autobusų parkas (Verkių g.),,
Autobusai,69,,722,25292081,54720118,0,176,,,79067,Z,B>D,Autobusų parkas (Verkių g.),,
Autobusai,1G,,775,25293735,54720231,0,352,,,79084,KZ,B>A,Stotis,,
Autobusai,1G,,4167,25290982,54721687,0,98,,,79008,KWZD,B>D,Autobusų parkas (Verkių g.),,
Autobusai,69,,941,25291697,54721072,0,340,,,78347,Z,A>D,Autobusų parkas (Verkių g.),,
Autobusai,5G,,4587,25292120,54721919,0,310,,,78528,WNZD,B>D,Autobusų parkas (Verkių g.),,
Autobusai,24,,4584,25292480,54721782,0,318,,,79083,KWNZD,A>D,Autobusų parkas (Verkių g.),,
Autobusai,40,,3034,25293662,54720150,0,186,,,79078,KZ,A>D,Autobusų parkas,,
Autobusai,2G,23157832019,4644,25292012,54720129,0,178,1219,0,79029,Z,A>D,Autobusų parkas (Verkių g.),,
Autobusai,5G,,4551,25291106,54721763,0,90,,,78714,KWZD,B>D,Autobusų parkas (Verkių g.),,
Autobusai,3G,,4558,25291155,54721950,0,278,,,77918,KWZD,A>D,Autobusų parkas (Verkių g.),,
Autobusai,53,,4158,25292698,54719773,0,86,,,79085,KWZD,A>D,Autobusų parkas (Verkių g.),,
Autobusai,53,23168212027,4652,25292261,54720324,0,178,1227,0,79072,Z,A>D,Autobusų parkas (Verkių g.),,
Autobusai,36,23157942136,939,25292059,54720262,0,176,1296,0,79061,Z,A>D,Autobusų parkas (Verkių g.),,
Autobusai,55,23149992017,8033,25254584,54633948,0,200,1217,0,77408,KWZ,X>D,AP2(Motorų g.),,
Autobusai,30,,765,25215151,54703699,0,10,,,78773,KZ,A>D,2-asis troleibusų parkas (Justiniškių g.),,
Autobusai,18,,968,25290961,54720902,0,348,,,77417,Z,A>D,Autobusų parkas (Verkių g.),,
Autobusai,21,23245882000,769,25215634,54703867,0,290,1200,0,79065,KZ,B1>D,2-asis troleibusų parkas(Justiniškių g.),,
Autobusai,122,22560342141,572,25360863,54670380,32,198,1301,-76,79065,KWNZ,B>A,Naujininkai,A122-01-1-240826-ba-2140,
Autobusai,122,22560352105,564,25417652,54679956,0,84,1265,0,79081,KWNZ,A>B,Naujoji Vilnia,A122-02-1-240826-ba-2210,
Autobusai,122,22560362133,563,25343520,54662340,30,286,1293,77,79075,KWNZ,A>B,Naujoji Vilnia,A122-03-1-240826-ab-2130,
Autobusai,122,22560372118,568,25273613,54661133,38,18,1278,-57,79083,KWNZ,B>A,Naujininkai,A122-04-1-240826-ba-2120,
Troleibusai,9,22596192129,2785,25229814,54700145,3,262,1289,23,79081,KWNZ,B>A,Karoliniškės,T9-01-1-240902-ba-2130,
Troleibusai,9,22596202151,2695,25305055,54713935,38,182,1311,39,79071,KZ,B>A,Karoliniškės,T9-04-1-240902-ba-2150,
Troleibusai,9,22596262114,1743,25205956,54684217,3,16,1274,0,79072,KWNZ,B>A,Karoliniškės,T9-03-1-240902-ab-2200,
Autobusai,1,22598132133,7040,25282802,54671576,0,152,1293,0,79083,KWZ,B>A,Stotis,A1-02-1-240829-ab-2200,
Autobusai,1,22598142130,7015,25278005,54632449,0,92,1290,0,79078,KWZ,A>B,Rodūnios sodai,A1-01-1-240829-ba-2200,
Autobusai,13,22604672143,7018,25291391,54674382,30,240,1303,82,79077,KWZ,A>B,Vilkpėdė,A13-01-1-240902-ab-2140,
Autobusai,13,22604682131,7005,25353937,54676983,28,50,1291,-28,79078,KWZ,B>A,Žemasis Pavilnys,A13-02-1-240902-ba-2130,
Autobusai,13,22604692158,7078,25245244,54665933,0,158,1318,31,79082,KWZ,B>A,Žemasis Pavilnys,A13-03-1-240902-ba-2200,
Autobusai,38,22604982147,7003,25373575,54729363,25,288,1307,11,79080,KWZ,B>A,Antakalnis,A38-01-1-240902-ba-2150,
Autobusai,38,22604992149,7037,25347816,54727937,0,60,1309,-11,79085,KWZ,A>B,Šilėnų g.,A38-02-1-240902-ab-2150,
Autobusai,41,22605022142,7002,25270378,54669945,36,346,1302,194,79080,KWZ,B>A,Stotis,A41-01-1-240902-ba-2140,
Autobusai,61,22605312341,7017,25278567,54672716,24,288,1421,0,79065,KWZ,A>D,Autobusų parkas (Kirtimai),A61-01-1-240902-ad-2340,
Autobusai,61,22605322140,7019,25350518,54634394,18,260,1300,-55,79084,KWZ,A>B,Kuprioniškės,A61-02-1-240902-ab-2140,
Autobusai,2,22612472153,953,25297188,54667511,0,152,1313,22,79079,Z,A>B,Oro uostas,A2-01-1-240902-ab-2150,
Autobusai,4,22612562140,757,25283934,54671884,0,100,1300,0,79079,Z,B>A,Stotis,A4-01-1-240902-ab-2200,
Autobusai,8,22613122136,4116,25207244,54644671,30,52,1296,0,79080,KWZ,B>A,Žemieji Paneriai,A8-02-1-240902-ab-2220,
Autobusai,8,22613132140,4117,25171905,54612687,51,124,1300,0,79084,KWZ,A>B,Vaidotai,A8-01-1-240902-ab-2140,
Autobusai,31,22613672147,4157,25411282,54681335,28,248,1307,18,79071,KWZD,B>A,Stotis,A31-01-1-240902-ba-2150,
Autobusai,31,22613682123,4193,25290069,54672544,0,164,1283,0,79081,KWNZD,B>A,Stotis,A31-03-1-240902-ab-2210,
Autobusai,31,22613702144,4173,25338668,54663070,33,114,1304,-2,79072,KWZD,A>B,Naujoji Vilnia,A31-05-1-240902-ab-2140,
Autobusai,31,22613722124,4188,25432040,54688341,30,28,1284,-51,79084,KWNZD,A>B,Naujoji Vilnia,A31-06-1-240902-ab-2120,
Autobusai,39,22613992154,4128,25402830,54782988,38,240,1314,0,79083,KWZ,B>A,Antakalnis,A39-01-1-240902-ba-2150,
Autobusai,39,22614002143,978,25383404,54773228,0,26,1303,-65,79081,Z,A>B,Balžio g.,A39-02-1-240902-ab-2140,
Autobusai,75,22768902111,3107,25281186,54756441,0,4,1271,0,79084,KWZ,B>A,Santariškės,A75-05-1-240926-ab-2210,
Autobusai,75,22768922143,786,25253747,54725125,0,186,1303,45,79075,KZ,A>B,Pilaitė,A75-01-1-240926-ab-2140,
Autobusai,75,22768932137,717,25230335,54716137,15,106,1297,23,79080,KZ,B>A,Santariškės,A75-03-1-240926-ba-2140,
Autobusai,75,22768940541,760,25214869,54703915,0,12,341,,78964,KZ,D>B,Pilaitė,A75-02-1-240926-db-0540,
Autobusai,75,22768952110,3108,25171939,54701590,12,184,1270,0,79083,KWZ,A>B,Pilaitė,A75-04-1-240926-bc-2200,
Autobusai,11,22796682141,7045,25256465,54691194,16,8,1301,-84,79078,KWZ,B>A,Žvėrynas,A11-02-1-241004-ba-2140,
Autobusai,11,22796692145,7012,25278480,54685805,29,16,1305,106,79072,KWZ,A>B,Užupis,A11-01-1-241004-ab-2150,
Autobusai,116,22796712145,7044,25189321,54680706,16,220,1305,-59,79077,KWZ,A>B,Ungurių g.,A116-01-1-241004-ab-2150,
Autobusai,116,22796722142,7036,25202277,54673678,25,312,1302,-5,79076,KWZ,B>A,Žvėrynas,A116-02-1-241004-ba-2140,
Autobusai,5,22851782154,981,25222892,54742110,0,42,1314,-21,79084,Z,A>B,Šiaurės miestelis,A5-03-1-241012-ab-2150,
Autobusai,5,22851792130,4524,25289028,54702904,2,134,1290,4,79080,KWZ,A>B,Šiaurės miestelis,A5-02-1-241012-ab-2130,
Autobusai,5,22851802158,4508,25301330,54710872,0,128,1318,35,79080,KWZ,B>A,Pašilaičiai,A5-01-1-241012-ba-2200,
Autobusai,5,22851822130,4034,25229047,54735602,12,38,1290,-39,79077,KZ,B>A,Pašilaičiai,A5-05-1-241012-ba-2130,
Autobusai,54,22852782133,3102,25217392,54679592,34,24,1293,-29,79083,KWZ,B>A,Pilaitė,A54-01-1-241012-ba-2130,
Autobusai,54,22852792112,791,25172123,54701916,0,212,1272,0,79080,KZ,B>A,Pilaitė,A54-02-1-241012-ab1-2200,
Autobusai,54,22852802153,3101,25270227,54672070,20,256,1313,24,79084,KWZ,B>A,Pilaitė,A54-03-1-241012-ba-2150,
Autobusai,54,22852812155,792,25175082,54709297,34,6,1315,-9,79078,KZ,A>B,Stotis,A54-04-1-241012-ab-2200,
Autobusai,54,22852832121,4585,25259556,54679652,20,50,1281,17,79081,KWNZD,A>B,Stotis,A54-06-1-241012-ab-2120,
Troleibusai,4,22853422152,1682,25313216,54708761,24,204,1312,-6,79083,KZ,A>B,Žemieji Paneriai,T4-04-1-241012-ab-2150,
Troleibusai,4,22853442111,1745,25318801,54722704,0,350,1271,0,79067,KWNZ,B>A,Antakalnis,T4-06-1-241012-ab-2210,
Troleibusai,4,22853462123,1692,25305091,54693911,20,24,1283,96,79083,KZ,B>A,Antakalnis,T4-07-1-241012-ba-2120,
Troleibusai,4,22853472145,1656,25241625,54670452,0,46,1305,68,79080,,B>A,Antakalnis,T4-03-1-241012-ba-2150,
Troleibusai,4,22853482141,1731,25288926,54688384,0,262,1301,66,79079,KWNZ,A>B,Žemieji Paneriai,T4-01-1-241012-ab-2140,
Troleibusai,4,22853502135,1681,25271105,54691642,0,42,1295,-46,79079,KZ,B>A,Antakalnis,T4-09-1-241012-ba-2140,
Troleibusai,4,22853522154,1639,25213432,54647962,24,48,1314,16,79083,,B>A,Antakalnis,T4-11-1-241012-ba-2150,
Troleibusai,4,22853542116,1707,25201823,54643703,0,224,1276,0,79069,KZ,A>B,Žemieji Paneriai,T4-13-1-241012-ba-2210,
Troleibusai,4,22853582128,1744,25251616,54675789,0,230,1288,-34,79076,KWNZ,A>B,Žemieji Paneriai,T4-17-1-241012-ab-2130,
Troleibusai,18,22854712113,2789,25219113,54734855,0,92,1273,0,79077,KWNZ,B>A,Pašilaičiai,T18-05-1-241012-ab-2200,
Troleibusai,18,22854762133,2753,25216932,54692518,33,40,1293,45,79073,KWNZ,B>A,Pašilaičiai,T18-08-1-241012-ba-2130,
Troleibusai,18,22854782149,2755,25226209,54655191,41,46,1309,-29,79072,KWNZ,B>A,Pašilaičiai,T18-10-1-241012-ba-2150,
Troleibusai,19,22854882116,2781,25334924,54723960,18,112,1276,-101,79087,KWNZ,A>B,Saulėtekis,T19-02-1-241012-ab-2120,
Troleibusai,19,22854892105,2750,25234314,54728313,0,206,1265,33,79083,KWZ,B>A,Pašilaičiai,T19-04-1-241012-ab-2200,
Troleibusai,19,22854902149,2782,25226280,54708945,14,174,1309,78,79081,KWNZ,A>B,Saulėtekis,T19-03-1-241012-ab-2150,
Troleibusai,19,22854912146,2780,25310391,54704614,10,198,1306,-73,79076,KWNZ,B>A,Pašilaičiai,T19-01-1-241012-ba-2150,
Troleibusai,19,22854922102,2783,25340737,54724587,0,190,1262,0,79082,KWNZ,A>B,Saulėtekis,T19-05-1-241012-ba-2200,
Troleibusai,19,22854932126,2717,25311490,54706417,30,24,1286,-125,79080,KZ,A>B,Saulėtekis,T19-08-1-241012-ab-2130,
Troleibusai,19,22854942120,1740,25224763,54703261,32,22,1280,79,79083,KWNZ,B>A,Pašilaičiai,T19-06-1-241012-ba-2120,
Troleibusai,19,22854952135,2684,25279200,54695274,37,288,1295,9,79082,KZ,B>A,Pašilaičiai,T19-07-1-241012-ba-2140,
Troleibusai,19,22854972138,2687,25246941,54699601,36,82,1298,215,79084,KZ,A>B,Saulėtekis,T19-10-1-241012-ab-2140,
Autobusai,15,22861272131,7052,25340648,54707478,0,270,1291,0,79081,KWZ,B>A,Žolyno g.,A15-01-1-241012-ab-2210,
Autobusai,15,22861282133,7059,25327572,54745208,0,220,1293,0,79078,KWZ,A>B,Turniškės,A15-02-1-241012-ba-2200,
Autobusai,62,22861362130,7020,25146755,54645094,44,104,1290,-180,79081,KWZ,A>B,Lazdynai,A62-01-1-241012-ab-2130,
Autobusai,62,22861372130,7027,25128628,54647034,19,90,1290,53,79082,KWZ,B>A,Žemieji Paneriai,A62-02-1-241012-ba-2130,
Autobusai,5G,22861872133,4554,25317877,54721855,37,166,1293,-20,79082,KWZD,A>B,Saulėtekis,A5G-01-1-241012-ab-2130,
Autobusai,5G,22861882146,708,25246059,54709875,30,84,1306,-24,79084,KZ,A>B,Saulėtekis,A5G-11-1-241012-ab-2150,
Autobusai,5G,22861902153,4577,25323802,54725476,25,220,1313,49,79083,KWNZD,B>A,Pašilaičiai,A5G-07-1-241012-ba-2150,
Autobusai,5G,22861912113,4576,25219341,54735176,0,258,1273,0,79080,KWNZD,B>A,Pašilaičiai,A5G-03-1-241012-ab-2200,
Autobusai,5G,22861922139,4659,25262673,54712789,59,254,1299,121,79076,Z,B>A,Pašilaičiai,A5G-05-1-241012-ba-2140,
Autobusai,5G,22861932121,4552,25341012,54724755,0,188,1281,0,79063,KWZD,A>B,Saulėtekis,A5G-09-1-241012-ba-2210,
Autobusai,18,22862322116,935,25430712,54685506,0,0,1276,0,79083,Z,A>B,Parko g.,A18-04-1-241012-ba-2210,
Autobusai,18,22862332136,4126,25411142,54732844,0,142,1296,0,79078,KWZ,A>B,Parko g.,A18-01-1-241012-ab-2140,
Autobusai,18,22862342115,4130,25318282,54722775,0,108,1275,0,79063,KWZ,B>A,Antakalnis,A18-03-1-241012-ab-2210,
Autobusai,18,22862352139,4151,25407920,54735276,50,322,1299,-76,79070,KZ,B>A,Antakalnis,A18-05-1-241012-ba-2140,
Autobusai,35,22862402138,4138,25295990,54752145,26,38,1298,198,79085,KWZ,A>B,Ožkiniai,A35-02-1-241012-ab-2140,
Autobusai,35,22862412137,4108,25278910,54733153,18,162,1297,32,79081,KWZ,B2>A1,Žalgirio g.,A35-01-1-241012-b2a1-2140,
Autobusai,58,22862602137,961,25304005,54654301,27,294,1297,-99,79081,Z,B>A,Stotis,A58-01-1-241012-ba-2140,
Autobusai,58,22862612140,937,25321554,54648738,24,112,1300,164,79081,Z,A>B,Grigaičiai,A58-02-1-241012-ab-2140,
Autobusai,74,22862632133,4182,25419565,54685643,0,102,1293,-26,79085,KWNZD,A>B,Parko g.,A74-01-1-241012-ab-2130,
Autobusai,74,22862672157,4638,25285692,54674120,10,70,1317,-74,79084,Z,A>B,Parko g.,A74-05-1-241012-ab-2200,
Autobusai,89,22862782119,4547,25282975,54670508,0,218,1279,0,79084,KWNZ,A>B,Stotis,A89-04-1-241012-ba-2210,
Autobusai,14,22884312134,7030,25416007,54687175,37,138,1294,-39,79083,KWZ,A>B,Arimų g.,A14-03-1-241015-ab-2130,
Autobusai,14,22884332114,7060,25380834,54604320,28,224,1274,187,79082,KWZ,B>A,Rudamina,A14-01-1-241015-ba-2110,
Autobusai,14,22884342145,7031,25412088,54690628,11,94,1305,11,79079,KWZ,B>A,Rudamina,A14-04-1-241015-ba-2150,
Autobusai,14,22884352105,7035,25431594,54702457,0,334,1265,0,79076,KWZ,A>B,Arimų g.,A14-05-1-241015-ba-2210,
Autobusai,34,22911582100,4105,25265195,54757715,0,306,1260,0,79064,KWZ,A>B,Visoriai,A34-01-1-241022-ba-2200,
Autobusai,34,22911592149,956,25311057,54678386,26,34,1309,3,79086,Z,A>B,Visoriai,A34-03-1-241022-ab-2150,
Autobusai,34,22911602129,4103,25302503,54694271,35,126,1289,-8,79083,KWZ,B>A,Stotis,A34-04-1-241022-ba-2130,
Autobusai,49,22911802135,4537,25230194,54700016,0,82,1295,4,79082,KWZ,B>A,Ateities g.,A49-01-1-241022-ba-2140,
Autobusai,49,22911812052,947,25266419,54736226,0,320,1252,0,79081,Z,B>A,Ateities g.,A49-05-1-241022-ab-2200,
Autobusai,49,22911832106,4522,25195076,54654967,0,106,1266,0,79074,KWZ,A>B,Bukčiai,A49-02-1-241022-ba-2200,
Autobusai,49,22911842133,4526,25223408,54699690,2,276,1293,-28,79076,KWZ,A>B,Bukčiai,A49-04-1-241022-ab-2130,
Autobusai,49,22911862115,4527,25281334,54724345,33,338,1275,-61,79076,KWZ,B>A,Ateities g.,A49-07-1-241022-ba-2120,
Autobusai,63,22912062133,4502,25245487,54698302,3,112,1293,0,79084,KWZ,B>A,Žvėrynas,A63-01-1-241022-ab-2200,
Autobusai,63,22912072132,772,25100681,54709232,0,224,1292,0,79080,KZ,A>B,Karveliškės,A63-02-1-241022-ba-2200,
Autobusai,69,22912102144,4529,25278865,54727498,18,92,1304,-145,79078,KWZ,A>B,Šiltnamių g.,A69-04-1-241022-ab-2140,
Autobusai,69,22912112133,4531,25281788,54703886,36,278,1293,-13,79079,KWZ,A>B,Šiltnamių g.,A69-01-1-241022-ab-2130,
Autobusai,69,22912132114,4513,25272294,54729108,24,272,1274,26,79084,KWZ,B>A,Bajorai,A69-03-1-241022-ba-2110,
Autobusai,69,22912142149,4521,25205444,54675721,26,62,1309,60,79076,KWZ,B>A,Bajorai,A69-05-1-241022-ba-2150,
Autobusai,69,22912152108,945,25214319,54682010,32,116,1268,121,79076,Z,A>B,Šiltnamių g.,A69-06-1-241022-ab-2110,
Autobusai,26,22928642148,7026,25266975,54790967,44,162,1308,26,79074,KWZ,B>A,Ozo g.,A26-01-1-241022-ba-2150,
Autobusai,26,22928652152,7062,25286900,54715746,37,356,1312,154,79084,KWZ,A>B,Didieji Gulbinai,A26-02-1-241022-ab-2150,
Autobusai,28,22928932135,7057,25147195,54656156,62,124,1295,0,79077,KWZ,B>A,Žemieji Paneriai,A28-01-1-241022-ab-2220,
Autobusai,28,22928942139,7011,25089727,54671477,25,298,1299,-8,79081,KWZ,A>B,Valai,A28-02-1-241022-ab-2140,
Autobusai,17,23013282134,3030,25319823,54723792,22,234,1294,299,79082,KZ,B>A,Antakalnis,A17-01-1-241104-ab-2210,
Autobusai,17,23013292139,942,25387317,54790423,45,34,1299,28,79081,Z,A>B,Antaviliai,A17-02-1-241104-ab-2140,
Autobusai,27,23062202156,972,25432215,54701586,33,168,1316,103,79081,Z,B>A,Kalvarijų g.,A27-02-1-241115-ba-2200,
Autobusai,27,23062212133,4137,25292884,54695276,42,260,1293,-52,79083,KWZ,B>A,Kalvarijų g.,A27-01-1-241115-ba-2130,
Autobusai,27,23062222141,4125,25365882,54694872,41,70,1301,9,79073,KWZ,A>B,Arimų g.,A27-03-1-241115-ab-2140,
Autobusai,7,23040242149,8040,25221362,54697757,29,26,1309,16,79082,KWZ,B>A,Šiaurės miestelis,A7-01-1-241118-ba-2150,
Autobusai,7,23040262146,8028,25278591,54713294,3,260,1306,-84,79082,KWZ,A>B,Lazdynai,A7-03-1-241118-ab-2150,
Autobusai,7,23040272129,8027,25295496,54718481,0,16,1289,150,79080,KWZ,B>A,Šiaurės miestelis,A7-02-1-241118-ba-2130,
Autobusai,7,23040292122,8023,25204313,54673087,33,100,1282,-62,79075,KWZ,A>B,Lazdynai,A7-05-1-241118-ab-2120,
Autobusai,7,23040312206,8008,25301766,54710851,0,138,1326,0,79085,KWZ,A>B,Lazdynai,A7-08-1-241118-ab-2210,
Autobusai,7,23040322135,8020,25240876,54709054,3,258,1295,220,79077,KWZ,A>B,Lazdynai,A7-09-1-241118-ab-2140,
Autobusai,7,23040332156,8047,25305066,54712608,0,2,1316,-15,79086,KWZ,A>B,Lazdynai,A7-10-1-241118-ab-2200,
Autobusai,20,23040402130,7004,25148124,54661624,17,268,1290,67,79084,KWZ,A1>B1,Lazdynai,A20-01-1-241118-a1b1-2130,
Autobusai,20,23040412110,7050,25213516,54677987,0,260,1270,0,79080,KWZ,A1>B1,Lazdynai,A20-02-1-241118-b1a1-2200,
Autobusai,20,23040442157,7041,25204810,54643969,42,240,1317,36,79075,KWZ,A>B,Lazdynai,A20-05-1-241118-ab-2200,
Autobusai,20,23040452136,7034,25136095,54633760,43,176,1296,138,79080,KWZ,B>A,Žemieji Paneriai,A20-06-1-241118-ba-2140,
Autobusai,57,23040662157,7042,25245291,54735810,34,134,1317,8,79082,KWZ,A>B,Bukiškis,A57-01-1-241118-ab-2200,
Autobusai,57,23040672140,7056,25279124,54748392,13,188,1300,13,79084,KWZ,B>A,Fabijoniškės,A57-02-1-241118-ba-2140,
Autobusai,57,23040682134,7021,25228543,54757708,28,274,1294,-28,79072,KWZ,A>B,Bukiškis,A57-03-1-241118-ab-2130,
Autobusai,51,23081632138,7070,25106921,54628839,28,102,1298,-80,79082,KWNZ,B>A,Žemieji Paneriai,A51-01-1-241118-ba-2140,
Autobusai,51,23081642139,7054,25108190,54628277,16,186,1299,76,79082,KWZ,A>B,Pagiriai,A51-02-1-241118-ab-2140,
Autobusai,51,23081652114,7053,25208158,54644675,0,342,1274,0,79084,KWZ,B>A,Žemieji Paneriai,A51-03-1-241118-ab-2200,
Autobusai,51,23081662156,7048,25065570,54625906,38,264,1316,102,79081,KWZ,B1>A1,Žemieji Paneriai,A51-04-1-241118-b1a1-2200,
Autobusai,4G,23081712137,8013,25279644,54694943,42,106,1297,107,79084,KWZ,A>B,Saulėtekis,A4G-01-1-241118-ab-2140,
Autobusai,4G,23081742031,8015,25255020,54633893,0,12,1231,,78690,KWZ,X>D,AP2(Transrevis),A4G-11-1-241118-xd-2030,
Autobusai,4G,23081752113,8049,25172613,54703306,0,130,1273,0,79082,KWZ,B>A,Pilaitė,A4G-13-1-241118-ab-2210,
Autobusai,4G,23081762127,8004,25310739,54705082,0,108,1287,136,79083,KWZ,A>B,Saulėtekis,A4G-16-1-241118-ab-2130,
Autobusai,4G,23081772133,8016,25244604,54699512,14,264,1293,5,79077,KWZ,B>A,Pilaitė,A4G-04-1-241118-ba-2130,
Autobusai,4G,23081782156,8044,25174920,54705455,34,0,1316,32,79083,KWZ,A>B,Saulėtekis,A4G-02-1-241118-ab-2200,
Autobusai,4G,23081792123,8003,25183587,54707289,40,272,1283,-128,79082,KWZ,B>A,Pilaitė,A4G-03-1-241118-ba-2120,
Autobusai,4G,23081802146,8011,25205636,54700895,12,112,1306,229,79080,KWZ,A>B,Saulėtekis,A4G-17-1-241118-ab-2150,
Autobusai,4G,23081812119,8021,25341111,54724762,0,204,1279,0,79069,KWZ,A>B,Saulėtekis,A4G-15-1-241118-ba-2210,
Autobusai,4G,23081821945,8010,25255346,54633930,0,286,1185,,78124,KWZ,X>D,AP2(Transrevis),A4G-08-1-241118-xd-1950,
Autobusai,4G,23081852108,8017,25341144,54724900,0,190,1268,0,79074,KWZ,A>B,Saulėtekis,A4G-14-1-241118-ba-2200,
Autobusai,4G,23081862143,8025,25283694,54694592,0,282,1303,-126,79082,KWZ,B>A,Pilaitė,A4G-05-1-241118-ba-2140,
Autobusai,4G,23081872152,8037,25315944,54715111,44,190,1312,-75,79082,KWZ,B>A,Pilaitė,A4G-06-1-241118-ba-2150,
Autobusai,4G,23081882100,8043,25255778,54634145,0,64,1260,2803,79083,KWZ,X>D,AP2(Transrevis),A4G-18-1-241118-xd-2100,
Autobusai,4G,23081892124,8036,25255325,54633998,0,276,1284,1287,79082,KWZ,X>D,AP2(Transrevis),A4G-19-1-241118-xd-2120,
Autobusai,4G,23081902144,8002,25255440,54634149,0,206,1304,-979,79078,KWZ,X>D,AP2(Transrevis),A4G-20-1-241118-xd-2140,
Autobusai,114,23096392204,7014,25301621,54710836,0,134,1324,0,79080,KWZ,A>B,Vinciūniškės,A114-01-1-241119-ab-2200,
Autobusai,114,23096402119,7008,25395067,54759124,0,68,1279,0,79069,KWZ,A>B,Vinciūniškės,A114-02-1-241119-ba-2200,
Autobusai,114,23096432136,7058,25322939,54709819,38,294,1296,-23,79083,KWZ,B>A,Šiaurės miestelis,A114-06-1-241119-ba-2140,
Autobusai,114,23096442144,7001,25335170,54708745,43,84,1304,-118,79078,KWZ,A>B,Vinciūniškės,A114-03-1-241119-ab-2140,
Autobusai,3G,23148282123,4596,25271546,54667873,38,150,1283,133,79081,KWNZD,A>B,Oro uostas,A3G-09-1-241202-ab-2120,
Autobusai,3G,23148312145,4570,25266292,54680098,27,338,1305,-27,79082,KWZD,B>A,Fabijoniškės,A3G-13-1-241202-ba-2150,
Autobusai,3G,23148332157,4574,25237665,54736664,12,212,1317,2,79082,KWZD,A>B,Oro uostas,A3G-14-1-241202-ab-2200,
Autobusai,3G,23148342105,3006,25241546,54739959,0,150,1265,0,79071,Z,B>A,Fabijoniškės,A3G-15-1-241202-ab-2210,
Autobusai,3G,23148352138,4568,25277145,54690958,22,104,1298,33,79082,KWZD,B>A,Fabijoniškės,A3G-16-1-241202-ba-2140,
Autobusai,3G,23148362151,4565,25273692,54661942,0,360,1311,-68,79077,KWZD,B>A,Fabijoniškės,A3G-17-1-241202-ba-2150,
Autobusai,3G,23148372116,4586,25273228,54647044,0,174,1276,162,79079,KWNZD,A>B,Oro uostas,A3G-18-1-241202-ba-2200,
Autobusai,3G,23148392118,4600,25235227,54734796,14,352,1278,248,79079,KWNZD,B>A,Fabijoniškės,A3G-20-1-241202-ba-2120,
Autobusai,3G,23148402156,4571,25277809,54643208,14,184,1316,36,79084,KWZD,B>A,Fabijoniškės,A3G-01-1-241202-ba-2200,
Autobusai,3G,23148412131,4560,25251976,54709932,0,332,1291,-78,79081,KWZD,B>A,Fabijoniškės,A3G-03-1-241202-ba-2130,
Autobusai,3G,23148442141,4590,25267652,54698165,25,104,1301,89,79086,KZ,A>B,Oro uostas,A3G-05-1-241202-ab-2140,
Autobusai,3G,23148462149,4580,25251693,54709545,0,150,1309,-136,79071,KWNZD,A>B,Oro uostas,A3G-07-1-241202-ab-2150,
Autobusai,3G,23148472132,4573,25266219,54680082,32,158,1292,-144,79078,KWZD,A>B,Oro uostas,A3G-11-1-241202-ab-2130,
Autobusai,87,23148492143,4525,25273016,54781304,0,162,1303,11,79076,KWZ,A>B,Šeškinė,A87-01-1-241202-ab-2140,
Autobusai,87,23148512105,4509,25276309,54740567,39,180,1265,-16,79083,KWZ,B>A,Ateities g.,A87-03-1-241202-ba-2110,
Autobusai,87,23148522155,4514,25249991,54711918,24,344,1315,2,79082,KWZ,B>A,Ateities g.,A87-04-1-241202-ba-2200,
Autobusai,87,23148532129,944,25214638,54807853,54,236,1289,120,79080,Z,A>B,Šeškinė,A87-05-1-241202-ab-2130,
Autobusai,87,23148542047,948,25266652,54736219,0,318,1247,0,79057,Z,B>A,Ateities g.,A87-06-1-241202-ab-2200,
Autobusai,87,23148552103,4504,25245418,54717155,3,260,1263,0,79076,KWZ,A>B,Šeškinė,A87-07-1-241202-ba-2210,
Autobusai,87,23148562125,4503,25256593,54807223,3,124,1285,-16,79083,KWZ,B>A,Ateities g.,A87-08-1-241202-ba-2130,
Autobusai,87,23148572140,985,25200037,54763587,0,328,1300,-18,79077,Z,B>A,Ateities g.,A87-09-1-241202-ba-2140,
Autobusai,40,23148582155,4109,25264188,54694599,44,360,1315,87,79085,KWZ,B>A,Fabijoniškės,A40-03-1-241202-ba-2200,
Autobusai,40,23148602150,4124,25250951,54734808,28,114,1310,27,79078,KWZ,A>B,Centras,A40-05-1-241202-ab-2150,
Autobusai,40,23148622134,4135,25225930,54743826,0,326,1294,0,79077,KWZ,B>A,Fabijoniškės,A40-01-1-241202-ab-2210,
Autobusai,24,23148632138,4113,25245857,54676880,20,208,1298,35,79084,KWZ,A>B,Žemieji Paneriai,A40-07-1-241202-ab-2140,
Autobusai,24,23148642121,4106,25241075,54740208,0,162,1281,0,79078,KWZ,B>A,Fabijoniškės,A40-08-1-241202-ab-2200,
Autobusai,56,23148662130,966,25252494,54716019,26,76,1290,-22,79079,Z,B>A,Fabijoniškės,A56-01-1-241202-ba-2130,
Autobusai,24,23148672146,4032,25239906,54672861,14,40,1306,26,79075,KZ,B>A,Fabijoniškės,A56-02-1-241202-ba-2150,
Autobusai,56,23148682118,962,25258007,54669745,28,220,1278,195,79082,Z,A>B,Vilkpėdė,A56-03-1-241202-ab-2120,
Autobusai,56,23148692146,4533,25255982,54710766,18,238,1306,26,79078,KWZ,A>B,Vilkpėdė,A56-04-1-241202-ab-2150,
Autobusai,43,23149422154,8029,25280542,54692590,16,6,1314,-77,79085,KWZ,B>A,Justiniškės,A43-01-1-241129-ba-2150,
Autobusai,43,23149442103,8039,25212742,54709052,19,116,1263,0,79076,KWZ,B>A,Justiniškės,A43-03-1-241129-ab-2200,
Autobusai,43,23149461953,8031,25254953,54633925,0,12,1193,,77497,KWZ,X>D,AP2(Transrevis),A43-05-1-241129-xd-1950,
Autobusai,43,23149472037,8024,25255027,54634113,0,202,1237,3040,78184,KWZ,X>D,AP2(Transrevis),A43-06-1-241129-xd-2040,
Autobusai,43,23149482123,8050,25271612,54632127,0,106,1283,522,79075,KWZ,B>D,Autobusų parkas(Kirtimai),A43-07-1-241129-xd-2150,
Autobusai,52,23149672101,780,25270578,54690994,0,328,1261,46,79081,KZ,B4>A,Centras,A52-02-1-241129-ab4-2200,
Autobusai,52,23149682116,3124,25182015,54748617,20,242,1276,253,79073,KWZ,A>B4,Tarandė,A52-01-1-241129-ab4-2120,
Autobusai,52,23149692121,793,25271469,54690430,0,294,1281,0,79084,KZ,B4>A,Centras,A52-03-1-241129-ab4-2220,
Autobusai,52,23149702136,3118,25231452,54736806,0,322,1296,50,79081,KWZ,A>B4,Tarandė,A52-04-1-241129-ab4-2140,
Autobusai,52,23149712140,3119,25239333,54728925,32,154,1300,42,79077,KWZ,B4>A,Centras,A52-05-1-241129-b4a-2140,
Autobusai,55,23149972120,8030,25216964,54679187,0,196,1280,-80,79081,KWZ,B>A,Lazdynai,A55-01-1-241129-ba-2120,
Autobusai,55,23149982121,8018,25266736,54737103,18,66,1281,113,79075,KWZ,A>B,Santariškės,A55-02-1-241129-ab-2120,
Autobusai,55,23150002150,8012,25216106,54676717,12,2,1310,71,79073,KWZ,A>B,Santariškės,A55-04-1-241129-ab-2150,
Autobusai,55,23150012148,8042,25269035,54737931,21,236,1308,60,79079,KWZ,B>A,Lazdynai,A55-05-1-241129-ba-2150,
Autobusai,88,23150112145,7066,25283157,54675554,18,136,1305,35,79082,KWZ,B>A,Oro uostas,A88-01-1-241129-ba-2150,
Autobusai,88,23150122147,7051,25303047,54655141,36,358,1307,138,79077,KWZ,A>B,Europos aikštė,A88-02-1-241129-ab-2150,
Autobusai,125,23150172150,573,25250266,54754345,29,292,1310,85,79085,KWNZ,B>A,Fabijoniškės,A125-01-1-241128-ba-2150,
Autobusai,125,23150182145,578,25252508,54739844,37,314,1305,81,79081,KWNZ,A>B,Visoriai,A125-02-1-241128-ab-2150,
Autobusai,30,23150902121,782,25301016,54710834,0,138,1281,0,79074,KZ,A>B,Šiaurės miestelis,A30-01-1-241129-ba-2200,
Autobusai,30,23150922149,3111,25172641,54703301,0,348,1309,0,79073,KWZ,A>B1,Bitėnų žiedas,A30-04-1-241129-ab1-2150,
Autobusai,30,23150932138,3113,25261903,54698584,20,264,1298,161,79084,KWZ,B>A,Pilaitė,A30-05-1-241129-ba-2140,
Autobusai,30,23150942144,3125,25235134,54700392,45,94,1304,25,79082,KWZ,A>B,Šiaurės miestelis,A30-03-1-241129-ab-2140,
Autobusai,33,23151042202,4532,25301494,54710837,0,142,1322,0,79058,KWZ,A>B,Guriai,A33-01-1-241130-ab-2200,
Autobusai,33,23151052144,989,25286384,54686589,5,200,1304,-56,79073,Z,A>B,Guriai,A33-03-1-241130-ab-2140,
Autobusai,33,23151072108,984,25363963,54658993,0,142,1268,0,79081,Z,A1>B1,Guriai,A33-04-1-241130-b1a1-2200,
Autobusai,33,23151082122,975,25295378,54711818,33,108,1282,-212,79083,Z,B1>A1,Šiaurės miestelis,A33-05-1-241130-b1a1-2120,
Autobusai,33,23151092126,980,25336882,54654602,30,138,1286,-12,79083,Z,A1>B1,Guriai,A33-06-1-241130-a1b1-2130,
Autobusai,2G,23157682115,4175,25276844,54739578,23,348,1275,-9,79080,KWZD,B1>A1,Santariškės (su LITEXPO st.),A2G-16-1-241202-b1a1-2120,
Autobusai,2G,23157692148,4599,25254590,54673419,12,322,1308,35,79079,KZ,B1>A1,Santariškės (su LITEXPO st.),A2G-15-1-241202-b1a1-2150,
Autobusai,2G,23157742150,4168,25257335,54735027,28,240,1310,-48,79084,KWZD,A1>B1,Stotis (su LITEXPO st.),A2G-03-1-241202-a1b1-2150,
Autobusai,2G,23157762105,4196,25281267,54756489,0,360,1265,0,79064,KWNZD,B1>A1,Santariškės (su LITEXPO st.),A2G-05-1-241202-a1b1-2210,
Autobusai,2G,23157772116,4162,25275249,54672649,0,84,1276,0,79077,KWZD,A1>B1,Stotis (su LITEXPO st.),A2G-01-1-241202-b1a1-2200,
Autobusai,2G,23157782054,4191,25280677,54755879,22,184,1254,46,79082,KWNZD,B1>A1,Santariškės (su LITEXPO st.),A2G-07-1-241202-a1b1-2200,
Autobusai,2G,23157802126,4174,25233357,54720612,48,14,1286,82,79085,KWZD,B1>A1,Santariškės (su LITEXPO st.),A2G-11-1-241202-b1a1-2130,
Autobusai,2G,23157812157,4166,25284852,54670914,12,358,1317,9,79083,KWZD,B1>A1,Santariškės (su LITEXPO st.),A2G-10-1-241202-b1a1-2200,
Autobusai,2G,23157822121,4186,25259998,54735418,9,72,1281,-137,79072,KWNZD,B1>A1,Santariškės (su LITEXPO st.),A2G-13-1-241202-b1a1-2120,
Autobusai,2G,23157842129,4583,25213531,54678909,11,122,1289,8,79081,KWNZD,A1>B1,Stotis (su LITEXPO st.),A2G-14-1-241202-a1b1-2130,
Autobusai,2G,23157852135,4159,25220521,54696762,37,20,1295,23,79079,KWZD,B1>A1,Santariškės (su LITEXPO st.),A2G-18-1-241202-b1a1-2140,
Autobusai,2G,23157862123,4637,25242983,54671148,0,50,1283,7,79074,Z,A1>B1,Stotis (su LITEXPO st.),A2G-19-1-241202-a1b1-2120,
Autobusai,2G,23157872143,4184,25233533,54725627,5,172,1303,11,79079,KWNZD,A1>B1,Stotis (su LITEXPO st.),A2G-20-1-241202-a1b1-2140,
Autobusai,19,23157882137,4136,25280835,54617178,55,244,1297,179,79081,KWZ,A>B,Salininkai,A19-03-1-241202-ab-2140,
Autobusai,19,23157892141,4102,25302820,54645367,29,2,1301,-16,79083,KWZ,B>A,Stotis,A19-01-1-241202-ba-2140,
Autobusai,36,23157912135,4131,25327568,54770453,15,50,1295,68,79083,KWZ,A>B,Pagubė,A36-03-1-241202-ab-2140,
Autobusai,36,23157922108,4030,25312863,54808081,0,140,1268,0,79072,KZ,A>B,Pagubė,A36-02-1-241202-ba-2200,
Autobusai,36,23157932115,4114,25284697,54704191,0,352,1275,0,79082,KWZ,B>A,Žalgirio g.,A36-01-1-241202-ab-2210,
Autobusai,36,23157952140,4129,25309858,54762547,19,254,1300,-1,79080,KWZ,B>A,Žalgirio g.,A36-05-1-241202-ba-2140,
Autobusai,42,23158022139,4155,25273140,54665278,15,356,1299,-8,79083,KWZD,B>A,Stotis,A42-01-1-241202-ba-2140,
Autobusai,42,23158032142,4177,25258667,54638892,0,216,1302,23,79083,KWNZD,A>B,Salininkai,A42-03-1-241202-ab-2140,
Autobusai,66,23158102126,932,25286292,54711417,0,188,1286,-114,79077,Z,B>A,Žalgirio g.,A66-01-1-241202-ba-2130,
Autobusai,66,23158112117,3033,25364123,54828636,0,66,1277,0,79083,KZ,A>B,Skirgiškės,A66-03-1-241202-ba-2200,
Autobusai,76,23158162116,4534,25330382,54823327,0,196,1276,0,79064,KWZ,A>B,Bireliai,A76-01-1-241202-ba-2200,
Autobusai,76,23158172156,4511,25270405,54738161,22,68,1316,43,79082,KWZ,A>B,Bireliai,A76-02-1-241202-ab-2200,
Autobusai,76,23158182136,4523,25353388,54784123,39,318,1296,-30,79076,KWZ,A>B,Bireliai,A76-03-1-241202-ab-2140,
Autobusai,76,23158192124,4512,25279164,54748270,15,180,1284,44,79071,KWZ,B>A,Ateities st.,A76-04-1-241202-ba-2120,
Autobusai,76,23158202144,4515,25347686,54786419,19,208,1304,18,79083,KWZ,B>A,Ateities st.,A76-05-1-241202-ba-2140,
Autobusai,78,23158282126,4197,25207649,54583724,30,234,1286,12,79080,KWNZD,A>B,Pagiriai,A78-02-1-241202-ab-2130,
Autobusai,78,23158292159,4194,25285740,54671336,0,250,1319,0,79083,KWNZD,A>B,Pagiriai,A78-01-1-241202-ab-2200,
Autobusai,78,23158302136,4650,25249711,54628742,45,6,1296,340,79078,Z,B>A,Stotis,A78-03-1-241202-ba-2140,
Autobusai,82,23158352131,4123,25238879,54610171,53,280,1291,42,79080,KWZ,A>B,Juodšiliai,A82-01-1-241202-ab-2130,
Autobusai,82,23158362130,4118,25302854,54644875,0,2,1290,116,79083,KZ,B1>A1,Stotis,A82-02-1-241202-b1a1-2130,
Autobusai,6G,23159082142,4642,25382694,54693587,67,88,1302,7,79077,Z,B>A,Parko g.,A6G-07-1-241202-ba-2140,
Autobusai,6G,23159102138,3016,25302933,54692882,18,220,1298,75,79085,KZ,A>B,Žaliasis tiltas,A6G-09-1-241202-ab-2140,
Autobusai,6G,23159112121,4154,25431012,54685584,0,350,1281,0,79079,KWZD,B>A,Parko g.,A6G-10-1-241202-ab-2200,
Autobusai,6G,23159122152,4161,25303488,54693885,26,132,1312,66,79083,KWZD,B>A,Parko g.,A6G-01-1-241202-ba-2150,
Autobusai,6G,23159132149,4190,25406541,54691358,36,222,1309,162,79081,KWNZD,A>B,Žaliasis tiltas,A6G-03-1-241202-ab-2150,
Autobusai,6G,23159152131,4189,25410677,54692457,16,164,1291,472,79075,KWNZD,B>A,Parko g.,A6G-05-1-241202-ba-2130,
Autobusai,10,23159182121,709,25310663,54676226,7,104,1281,-29,79079,Z,A>B,Markučiai,A10-05-1-241202-ab-2120,
Autobusai,10,23159192112,958,25244299,54731497,0,328,1272,0,79059,Z,B>A,Fabijoniškės,A10-04-1-241202-ab-2200,
Autobusai,10,23159202148,4111,25288260,54684867,22,260,1308,5,79081,KWZ,B>A,Fabijoniškės,A10-03-1-241202-ba-2150,
Autobusai,10,23159212120,4107,25264354,54736490,32,234,1280,147,79079,KWZ,B>A,Fabijoniškės,A10-01-1-241202-ba-2120,
Autobusai,10,23159222018,974,25294533,54722276,0,154,1218,,78818,Z,A>D,Autobusų parkas (Verkių g.),A10-02-1-241202-ad-2020,
Autobusai,10,23159232136,4112,25282677,54699673,29,190,1296,60,79077,KWZ,A>B,Markučiai,A10-07-1-241202-ab-2140,
Autobusai,10,23159252136,934,25283584,54702966,28,4,1296,69,79078,Z,B>A,Fabijoniškės,A10-06-1-241202-ba-2140,
Autobusai,10,23159262148,706,25271505,54729088,23,92,1308,28,79084,KZ,A>B,Markučiai,A10-09-1-241202-ab-2150,
Autobusai,10,23159272108,4115,25322649,54674368,0,26,1268,0,79081,KWZ,A>B,Markučiai,A10-10-1-241202-ba-2200,
Autobusai,29,23159292155,749,25089215,54674288,34,118,1315,-37,79084,KZ,B>A,Vilkpėdė,A29-01-1-241202-ba-2200,
Autobusai,29,23159302134,4561,25111499,54668685,4,292,1294,5,79078,KWZD,A>B,Grigiškės,A29-03-1-241202-ab-2130,
Autobusai,29,23159312116,4535,25245439,54665396,0,66,1276,31,79079,KWZ,B>A,Vilkpėdė,A29-04-1-241202-ab-2200,
Autobusai,37,23159322150,3036,25308176,54685252,8,136,1310,52,79084,KZ,A>B,Rokantiškės,A37-01-1-241202-ab-2150,
Autobusai,46,23159332156,4581,25225720,54731325,19,80,1316,4,79078,KWNZD,A>B,Centras,A46-01-1-241202-ab-2200,
Autobusai,46,23159342136,4602,25228091,54732297,29,222,1296,-6,79083,KWNZD,B>A,Pašilaičiai,A46-03-1-241202-ba-2140,
Autobusai,46,23159382133,4594,25271343,54692365,0,134,1293,167,79083,KWNZD,A>B,Centras,A46-06-1-241202-ab-2130,
Autobusai,48,23159402125,4518,25245637,54717127,0,274,1285,0,79085,KWZ,B>A,Šeškinė,A48-01-1-241202-ab-2210,
Autobusai,48,23159412132,965,25265347,54738666,28,348,1292,5,79074,Z,A>B,Santariškės,A48-02-1-241202-ab-2130,
Autobusai,25,23159422137,940,25177110,54599328,32,236,1297,0,79079,Z,A>B,Vaidotai,A25-02-1-241202-ba-2210,
Autobusai,25,23159432141,4119,25175258,54637150,40,46,1301,-55,79083,KWZ,B>A,Žemieji Paneriai,A25-01-1-241202-ba-2140,
Autobusai,22,23159552150,4528,25205433,54670463,57,100,1310,29,79082,KWZ,A>B,Centras,A22-01-1-241202-ab-2150,
Autobusai,22,23159562130,797,25271751,54690380,0,280,1290,0,79083,KZ,A>B,Centras,A22-02-1-241202-ba-2210,
Autobusai,22,23159572147,3104,25243491,54671582,0,228,1307,73,79081,KWZ,B>A,Lazdynai,A22-03-1-241202-ba-2150,
Autobusai,32,23159591531,798,25214783,54703945,0,24,931,,79072,KZ,D>A,Žvėrynas,A32-04-1-241202-da-1530,
Autobusai,32,23159612130,790,25245571,54698406,0,110,1290,0,79078,KZ,B>A,Žvėrynas,A32-01-1-241202-ab-2200,
Autobusai,32,23159622133,3121,25219438,54735122,10,260,1293,0,79078,KWZ,A>B,Pašilaičiai,A32-03-1-241202-ba-2210,
Autobusai,68,23159682111,3103,25082071,54673534,0,146,1271,0,79082,KWZ,A>B,Grigiškės,A68-01-1-241202-ba-2200,
Autobusai,68,23159692132,759,25132846,54646611,42,100,1292,110,79074,Z,B>A,Lazdynai,A68-02-1-241202-ba-2130,
Autobusai,68,23159701452,785,25214723,54704155,0,226,892,,77565,KZ,D>A,Lazdynai,A68-03-1-241202-da-1450,
Autobusai,68,23159712143,3123,25174370,54666575,57,210,1303,162,78699,KWZ,A>B,Grigiškės,A68-04-1-241202-ab-2140,
Autobusai,68,23159722155,784,25204738,54675591,20,238,1315,95,79084,KZ,A>D,2-asis troleibusų parkas (Justiniškių g.),A68-05-1-241202-ad-2200,
Autobusai,73,23159772139,3114,25271118,54692466,15,136,1299,-137,79079,KWZ,A>B,Vilkpėdė,A73-01-1-241202-ab-2140,
Autobusai,73,23159782155,767,25258541,54669824,29,46,1315,-29,79083,Z,B>A,Justiniškės,A73-02-1-241202-ba-2200,
Autobusai,73,23159792125,3117,25214218,54720009,31,178,1285,-15,79086,KWZ,B>A,Justiniškės,A73-03-1-241202-ba-2130,
Troleibusai,1,23159832152,2784,25218953,54693467,18,298,1312,-7,79073,KWNZ,A>B,Stotis,T1-04-1-241202-ab-2150,
Troleibusai,1,23159842136,2786,25233345,54700499,33,262,1296,40,79078,KWNZ,B>A,Karoliniškės,T1-02-1-241202-ba-2140,
Troleibusai,1,23159852128,2713,25283078,54670436,9,194,1288,0,79082,KZ,A>B,Stotis,T1-01-1-241202-ba-2200,
Troleibusai,2,23159862145,1723,25310222,54704333,13,188,1305,-14,79083,KWZ,A>B,Stotis,T2-04-1-241202-ab-2150,
Troleibusai,2,23159882141,1724,25302687,54692613,35,56,1301,12,79082,KZ,B>A,Saulėtekis,T2-01-1-241202-ba-2140,
Troleibusai,2,23159892158,1615,25339294,54723979,17,262,1318,0,79081,,A>D,1-asis troleibusų parkas (Žolyno g.),T2-10-1-241202-ad-2200,
Troleibusai,2,23159902124,1710,25283627,54671014,6,172,1284,0,79082,Z,A>B,Stotis,T2-03-1-241202-ba-2200,
Troleibusai,2,23159912147,1676,25279772,54687951,26,4,1307,16,79075,,B>A,Saulėtekis,T2-12-1-241202-ba-2150,
Troleibusai,2,23159922155,1725,25324793,54726148,7,214,1315,-56,79085,KWZ,A>B,Stotis,T2-08-1-241202-ab-2200,
Troleibusai,2,23159932127,1728,25332360,54724468,0,114,1287,-35,79084,KWNZ,B>A,Saulėtekis,T2-11-1-241202-ba-2130,
Troleibusai,2,23159992131,1736,25280427,54690779,0,274,1291,208,79059,KWNZ,A>B,Stotis,T2-16-1-241202-ab-2130,
Troleibusai,2,23160002138,1701,25288619,54688335,0,260,1298,-39,79079,KZ,A>B,Stotis,T2-17-1-241202-ab-2140,
Troleibusai,2,23160012133,1721,25314451,54710435,26,12,1293,72,79082,KWZ,B>A,Saulėtekis,T2-14-1-241202-ba-2130,
Troleibusai,2,23160022153,1592,25279639,54677950,0,326,1313,2,79077,,B>A,Saulėtekis,T2-13-1-241202-ba-2150,
Troleibusai,3,23160042141,2773,25259081,54688715,24,106,1301,-50,79082,KWNZ,A>B,Šiaurės miestelis,T3-01-1-241202-ab-2140,
Troleibusai,3,23160052112,2749,25205991,54685538,29,196,1272,0,79082,KWZ,B>A,Karoliniškės,T3-03-1-241202-ab-2210,
Troleibusai,3,23160072113,2756,25301260,54710777,0,82,1273,0,79064,KZ,A>B,Šiaurės miestelis,T3-02-1-241202-ba-2200,
Troleibusai,3,23160092138,2747,25279789,54688547,16,190,1298,178,79081,KWZ,B>A,Karoliniškės,T3-06-1-241202-ba-2140,
Troleibusai,6,23160112108,1845,25295328,54726753,7,152,1268,42,79076,KWNZ,B>A,Žirmūnai,T6-04-1-241202-ad-2200,
Troleibusai,6,23160122113,1844,25207453,54644847,12,242,1273,-37,79081,KWNZ,A>B,Žemieji Paneriai,T6-11-1-241202-ba-2210,
Troleibusai,6,23160132136,1852,25273346,54680579,21,126,1296,75,79081,KWNZ,B>A,Žirmūnai,T6-06-1-241202-ba-2140,
Troleibusai,6,23160142157,1857,25204722,54642554,9,86,1317,-19,79082,KWNZ,B>A,Žirmūnai,T6-08-1-241202-ba-2200,
Troleibusai,6,23160152128,1858,25280649,54692639,0,24,1288,6,79086,KWNZ,B>A,Žirmūnai,T6-01-1-241202-ba-2130,
Troleibusai,6,23160172124,1841,25247139,54673429,0,230,1284,-31,79082,KWNZ,A>B,Žemieji Paneriai,T6-12-1-241202-ab-2120,
Troleibusai,6,23160202139,1831,25280035,54692181,19,188,1299,51,79083,KWNZ,A>B,Žemieji Paneriai,T6-14-1-241202-ab-2140,
Troleibusai,6,23160212147,1851,25237725,54667044,32,14,1307,43,79075,KWNZ,B>A,Žirmūnai,T6-09-1-241202-ba-2150,
Troleibusai,6,23160252154,1843,25302050,54720541,0,156,1314,3,79079,KWNZ,A>B,Žemieji Paneriai,T6-16-1-241202-ab-2150,
Troleibusai,6,23160272118,1850,25285226,54707697,28,18,1278,275,79081,KWNZ,B>A,Žirmūnai,T6-18-1-241202-ba-2120,
Troleibusai,7,23160302150,2712,25276810,54684675,15,312,1310,-67,79073,KZ,B>A,Pašilaičiai,T7-03-1-241202-ba-2150,
Troleibusai,7,23160322106,2690,25219133,54734742,0,82,1266,0,79083,KZ,B>A,Pašilaičiai,T7-10-1-241202-ab-2200,
Troleibusai,7,23160342139,2714,25249748,54697787,18,178,1299,-36,79083,Z,A>B,Stotis,T7-01-1-241202-ab-2140,
Troleibusai,7,23160352129,2752,25277529,54680482,19,172,1289,-66,79081,KWNZ,A>B,Stotis,T7-05-1-241202-ab-2130,
Troleibusai,7,23160362149,2696,25216591,54710733,0,204,1309,61,79073,KZ,A>B,Stotis,T7-07-1-241202-ab-2150,
Troleibusai,7,23160372114,2645,25218561,54734840,0,158,1274,0,78852,,B>A,Pašilaičiai,T7-11-1-241202-ab-2210,
Troleibusai,7,23160382121,2776,25220118,54732353,36,4,1281,0,79083,KWNZ,B>A,Pašilaičiai,T7-13-1-241202-ad-2200,
Troleibusai,7,23160392128,2779,25216425,54709814,39,18,1288,34,79081,KWNZ,B>A,Pašilaičiai,T7-04-1-241202-ba-2130,
Troleibusai,7,23160402135,2775,25226323,54699835,18,262,1295,25,79082,KWNZ,B>A,Pašilaičiai,T7-14-1-241202-ba-2140,
Troleibusai,7,23160412142,2686,25251471,54691521,29,352,1302,-26,79077,Z,B>A,Pašilaičiai,T7-16-1-241202-ba-2140,
Troleibusai,7,23160422120,2778,25283088,54670432,13,178,1280,24,79071,KWNZ,A>B,Stotis,T7-18-1-241202-ba-2200,
Troleibusai,12,23160572147,1726,25237516,54666359,35,10,1307,55,79073,KWZ,B>A,Žirmūnai,T12-01-1-241202-ba-2150,
Troleibusai,12,23160582126,1739,25284802,54694343,25,96,1286,0,79083,KWNZ,B>A,Žirmūnai,T12-02-1-241202-ba-2130,
Troleibusai,12,23160592135,1742,25278617,54686696,29,196,1295,-19,79080,KWNZ,A>B,Žemieji Paneriai,T12-06-1-241202-ab-2140,
Troleibusai,12,23160622115,1709,25232209,54658831,0,226,1275,71,79074,KZ,A>B,Žemieji Paneriai,T12-04-1-241202-ab-2120,
Troleibusai,12,23160632153,1677,25304738,54717857,31,152,1313,-4,79080,KZ,A>B,Žemieji Paneriai,T12-07-1-241202-ab-2150,
Troleibusai,12,23160642112,1733,25299693,54722430,19,294,1272,4,79072,KWNZ,B>A,Žirmūnai,T12-08-1-241202-ba-2110,
Troleibusai,16,23160762149,2716,25224049,54702926,18,206,1309,-86,79082,KZ,A>B,Stotis,T16-01-1-241202-ab-2150,
Troleibusai,16,23160772134,2715,25230965,54670019,41,112,1294,39,79076,KZ,A>B,Stotis,T16-03-1-241202-ab-2130,
Troleibusai,16,23160792102,2689,25234188,54728296,0,200,1262,0,79085,KZ,B>A,Pašilaičiai,T16-06-1-241202-ab-2200,
Troleibusai,16,23160802120,2787,25283044,54671397,14,158,1280,0,79075,KWNZ,A>B,Stotis,T16-11-1-241202-ba-2200,
Troleibusai,16,23160822133,2697,25214947,54690957,11,42,1293,30,79082,KZ,B>A,Pašilaičiai,T16-08-1-241202-ba-2130,
Troleibusai,16,23160832118,2777,25234405,54728555,0,216,1278,0,79069,KWNZ,B>A,Pašilaičiai,T16-04-1-241202-ab-2220,
Troleibusai,17,23160882152,1738,25304878,54711566,5,186,1312,-59,79081,KWNZ,A>D,1-asis troleibusų parkas (Žolyno g.),T17-14-1-241202-ad-2150,
Troleibusai,17,23160892134,1630,25271727,54692276,11,270,1294,40,79077,,A>B,Naujininkai,T17-15-1-241202-ab-2130,
Troleibusai,17,23160912121,1702,25295205,54726948,0,220,1281,0,79082,KZ,B>A,Žirmūnai,T17-01-1-241202-ab-2210,
Troleibusai,17,23160922122,1730,25272913,54665017,3,176,1282,56,79084,KWNZ,A>B,Naujininkai,T17-09-1-241202-ba-2210,
Troleibusai,17,23160942146,1699,25270788,54691429,21,42,1306,102,79079,KZ,B>A,Žirmūnai,T17-06-1-241202-ba-2150,
Troleibusai,17,23160952146,1737,25298428,54696667,14,276,1306,-34,79077,KWNZ,A>B,Naujininkai,T17-11-1-241202-ab-2150,
Troleibusai,17,23160962137,1596,25301096,54698067,28,32,1297,-105,79077,,B>A,Žirmūnai,T17-04-1-241202-ba-2140,
Troleibusai,17,23160982105,1705,25295064,54726838,0,178,1265,0,79080,KZ,B>A,Žirmūnai,T17-12-1-241202-ab-2200,
Troleibusai,17,23160992128,1734,25305045,54711809,0,6,1288,159,79078,KWNZ,B>A,Žirmūnai,T17-03-1-241202-ba-2130,
Troleibusai,17,23161002156,1680,25272996,54665541,0,356,1316,48,79082,KZ,B>A,Žirmūnai,T17-08-1-241202-ba-2200,
Troleibusai,20,23161032140,1134,25285451,54689477,33,318,1300,-80,79083,,A>B,Stotis,T20-01-1-241202-ab-2140,
Troleibusai,20,23161042109,1727,25295063,54727000,0,218,1269,0,79076,KWZ,B>A,Žirmūnai,T20-02-1-241202-ab-2200,
Troleibusai,20,23161052133,1722,25305081,54711895,0,4,1293,-12,79080,KWZ,B>A,Žirmūnai,T20-03-1-241202-ba-2130,
Troleibusai,20,23161062151,1741,25277412,54682549,4,6,1311,-30,79079,KZ,B>A,Žirmūnai,T20-04-1-241202-ba-2150,
Troleibusai,21,23161082136,1535,25318596,54723116,0,338,1296,0,79083,,B>A,Antakalnis,T21-01-1-241202-ab-2200,
Autobusai,1G,23167552144,4156,25281798,54694312,0,22,1304,4,79085,KWZD,A>B,Santariškės,A1G-11-1-241202-ab-2140,
Autobusai,1G,23167572136,4648,25287000,54714625,16,0,1296,11,79079,Z,A>B,Santariškės,A1G-09-1-241202-ab-2140,
Autobusai,1G,23167581930,4640,25277003,54713525,0,124,1170,7197,79061,Z,A>B,Santariškės,A1G-06-1-241202-ab-1930,
Autobusai,1G,23167602152,4195,25278238,54679091,21,332,1312,-25,79075,KWNZD,A>B,Santariškės,A1G-13-1-241202-ab-2150,
Autobusai,1G,23167612127,4641,25279144,54678359,16,146,1287,0,79081,Z,B>A,Stotis,A1G-14-1-241202-ab-2210,
Autobusai,1G,23167632119,4169,25283090,54671457,0,146,1279,0,79083,KWZD,B>A,Stotis,A1G-15-1-241202-ab-2200,
Autobusai,1G,23167662135,4160,25280045,54692191,26,188,1295,96,79084,KWZD,B>A,Stotis,A1G-01-1-241202-ba-2140,
Autobusai,1G,23167672150,4187,25279651,54730539,53,172,1310,-16,79081,KWNZD,B>A,Stotis,A1G-05-1-241202-ba-2150,
Autobusai,1G,23167680631,4183,25294358,54720918,0,90,391,,79068,KWNZD,D>A,Stotis,A1G-08-1-241202-da-0630,
Autobusai,1G,23167682157,4171,25280732,54756210,32,188,1317,-21,79085,KWZD,B>A,Stotis,A1G-08-1-241202-ba-2200,
Autobusai,1G,23167692112,4179,25282185,54762763,0,8,1272,0,79078,KWNZD,A>B,Santariškės,A1G-07-1-241202-ba-2200,
Autobusai,1G,23167722143,4639,25286390,54716777,28,168,1303,153,79077,Z,B>A,Stotis,A1G-18-1-241202-ba-2140,
Autobusai,1G,23167732120,4170,25282148,54762604,0,8,1280,0,79083,KWZD,A>B,Santariškės,A1G-19-1-241202-ba-2210,
Autobusai,3,23167942116,4031,25283263,54670765,6,222,1276,0,79082,KZ,B2>A2,Stotis,A3-01-1-241202-ab-2200,
Autobusai,3,23167962149,973,25231365,54611098,25,102,1309,-13,79075,Z,B>A,Stotis,A3-03-1-241202-ba-2150,
Autobusai,50,23168002154,4101,25270835,54752988,26,108,1314,-127,79082,KWZ,B>A,Antakalnis,A50-03-1-241202-ba-2150,
Autobusai,50,23168012154,4134,25316588,54717460,0,192,1314,16,79082,KWZ,A>B,Bajorai,A50-06-1-241202-ab-2150,
Autobusai,50,23168042133,952,25284184,54705520,37,194,1293,48,79077,Z,B>A,Antakalnis,A50-01-1-241202-ba-2130,
Autobusai,50,23168050608,971,25294522,54722343,0,156,368,,78604,Z,D>B,Bajorai,A50-02-1-241202-db-0610,
Autobusai,53,23168062131,4578,25257379,54711216,13,256,1291,-93,79085,KWNZD,B>A,Fabijoniškės,A53-01-1-241202-ba-2130,
Autobusai,53,23168082147,4582,25279768,54687712,21,358,1307,-12,79084,KWNZD,B>A,Fabijoniškės,A53-03-1-241202-ba-2150,
Autobusai,53,23168102207,4601,25283127,54670620,0,218,1327,0,79075,KWNZD,B>A,Fabijoniškės,A53-05-1-241202-ba-2210,
Autobusai,53,23168112124,4575,25257470,54715151,0,16,1284,232,79082,WZD,B>A,Fabijoniškės,A53-10-1-241202-ba-2120,
Autobusai,53,23168122137,4562,25284026,54705146,36,190,1297,97,79082,KWZD,A>B,Stotis,A53-07-1-241202-ab-2140,
Autobusai,53,23168132145,4653,25267773,54712823,47,92,1305,13,79078,Z,A>B,Stotis,A53-08-1-241202-ab-2150,
Autobusai,53,23168142117,4022,25240917,54740402,0,160,1277,0,79071,KZ,B>A,Fabijoniškės,A53-12-1-241202-ab-2220,
Autobusai,53,23168152129,4651,25279947,54689021,24,188,1289,112,79079,Z,A>B,Stotis,A53-06-1-241202-ab-2130,
Autobusai,53,23168162138,4595,25284849,54706764,39,16,1298,10,79082,KZ,B>A,Fabijoniškės,A53-11-1-241202-ba-2140,
Autobusai,53,23168172152,4658,25254386,54728339,28,186,1312,62,79074,Z,A>B,Stotis,A53-09-1-241202-ab-2150,
Autobusai,53,23168182102,4012,25241249,54739992,0,154,1262,0,79065,Z,B>A,Fabijoniškės,A53-13-1-241202-ab-2200,
Autobusai,53,23168192157,4579,25282697,54672022,23,342,1317,-34,79084,KWNZD,B>A,Fabijoniškės,A53-14-1-241202-ba-2200,
Autobusai,53,23168202110,4589,25241168,54740296,4,152,1270,0,79085,KWNZD,B>A,Fabijoniškės,A53-15-1-241202-ab-2210,
Autobusai,67,23168222145,4127,25425070,54695589,34,268,1305,-17,79085,KWZ,B>A,Parko g.,A67-01-1-241202-ba-2150,
Autobusai,115,23168242111,949,25417455,54680074,0,272,1271,0,79078,Z,A>B,Linksmoji g.,A115-01-1-241202-ba-2200,
Autobusai,115,23168272115,719,25318536,54722315,3,196,1275,0,79075,KZ,B>A,Antakalnis,A115-04-1-241202-ab-2200,
Autobusai,115,23168282135,751,25357986,54703906,40,252,1295,19,79080,KZ,B>A,Antakalnis,A115-05-1-241202-ba-2140,
Autobusai,118,23168352154,581,25175875,54707312,0,92,1314,93,79084,KWNZ,A>B,Pašilaičiai,A118-01-1-241202-ab-2150,
Autobusai,118,23168362200,571,25218972,54734988,0,158,1320,0,79071,KWNZ,B>A,Pilaitė,A118-02-1-241202-ba-2200,
Autobusai,118,23168372140,567,25180832,54707321,0,272,1300,-103,79077,KWNZ,B>A,Pilaitė,A118-03-1-241202-ba-2140,
Autobusai,119,23168382134,577,25304959,54705802,17,278,1294,98,79077,KWNZ,B>A,Šiaurės miestelis,A119-01-1-241202-ba-2130,
Autobusai,119,23168392150,562,25381193,54706978,39,238,1310,-63,79077,KWNZ,B>A,Šiaurės miestelis,A119-02-1-241202-ba-2150,
Autobusai,119,23168402139,565,25389840,54707368,24,100,1299,60,79082,KWNZ,A>B,Egliškės,A119-03-1-241202-ab-2140,
Autobusai,119,23168412155,566,25304549,54707324,40,184,1315,56,79085,KWNZ,A>B,Egliškės,A119-04-1-241202-ab-2200,
Autobusai,120,23168432143,555,25340788,54778723,0,38,1303,-52,79084,KWNZ,A>B,Kryžiokai,A120-01-1-241202-ab-2140,
Autobusai,120,23168442140,558,25279963,54751499,34,8,1300,-24,79082,KWNZ,B>A,Visoriai,A120-03-1-241202-ba-2140,
Autobusai,121,23168452148,559,25307057,54762505,20,144,1308,34,79082,KWNZ,B>A,Santariškės,A121-01-1-241202-ba-2150,
Autobusai,121,23168462153,557,25295647,54751979,30,58,1313,36,79083,KWNZ,A>B,Didžiųjų Gulbinų g.,A121-02-1-241202-ab-2150,
Autobusai,123,23168472126,584,25203765,54638623,0,76,1286,0,79068,KWNZ,B>A,Žemieji Paneriai (Vaduvos g.),A123-01-1-241202-ab-2200,
Autobusai,123,23168482146,579,25235726,54663605,33,200,1306,2,79084,KWNZ,B>A,Žemieji Paneriai (Vaduvos g.),A123-02-1-241202-ba-2150,
Autobusai,123,23168492141,569,25266953,54694809,35,116,1301,-41,79080,KWNZ,A>B,Centras (Lukiškių g.),A123-03-1-241202-ab-2140,
Troleibusai,10,23168542136,1832,25284062,54704941,34,8,1296,87,79079,KWNZ,B>A,Saulėtekis,T10-04-1-241202-ba-2140,
Troleibusai,10,23168552114,1827,25269510,54671502,26,170,1274,168,79079,KWNZ,A>B,Naujininkai,T10-05-1-241202-ab-2110,
Troleibusai,10,23168562148,1860,25265939,54680595,31,340,1308,272,79073,KWNZ,B>A,Saulėtekis,T10-07-1-241202-ba-2150,
Troleibusai,10,23168572154,1829,25323713,54725431,46,222,1314,-14,79083,KWNZ,A>B,Naujininkai,T10-01-1-241202-ab-2150,
Troleibusai,10,23168592123,1854,25318800,54721865,17,28,1283,85,79082,KWNZ,B>A,Saulėtekis,T10-03-1-241202-ba-2120,
Troleibusai,10,23168602142,1856,25288036,54715128,23,260,1302,-67,79082,KWNZ,A>B,Naujininkai,T10-09-1-241202-ab-2140,
Troleibusai,10,23168612128,1849,25272862,54691928,44,308,1288,-36,79083,KWNZ,A>B,Naujininkai,T10-06-1-241202-ab-2130,
Autobusai,117,23168642141,586,25124836,54704242,30,20,1301,0,79077,KWNZ,A>B,Platiniškės,A117-02-1-241202-ba-2200,
Autobusai,117,23168652134,585,25172138,54703648,0,184,1294,0,79076,KWNZ,B>A,Pilaitė,A117-01-1-241202-ab-2210,
Autobusai,12,23175352123,744,25285287,54671190,0,244,1283,0,79084,KZ,B>A,Stotis,A12-01-1-241202-ab-2210,
Autobusai,12,23175362138,4192,25313042,54605750,18,174,1298,62,79078,KWNZD,A>B,Skaidiškės,A12-02-1-241202-ab-2140,
Autobusai,12,23175372152,4645,25359389,54594494,43,238,1312,43,79084,Z,B>A,Stotis,A12-03-1-241202-ba-2150,
Autobusai,16,23175392148,4178,25303841,54653937,21,116,1308,48,79079,KWNZD,A>B,Skaidiškės,A16-01-1-241202-ab-2150,
Autobusai,16,23175402149,4163,25394749,54626492,42,38,1309,157,79086,KWZD,B>A,Stotis,A16-03-1-241202-ba-2150,
Autobusai,59,23175512145,762,25156507,54657700,52,62,1305,-65,79074,Z,A>B,Žvėrynas,A59-01-1-241202-ab-2150,
Autobusai,59,23175522121,3122,25245814,54698255,0,78,1281,0,79074,KWZ,A>B,Žvėrynas,A59-03-1-241202-ba-2200,
Autobusai,21,23245852147,3116,25217541,54680226,38,188,1307,27,79080,KWZ,A>B,Centras,A21-01-1-241216-ab-2150,
Autobusai,21,23245862130,3110,25197621,54668718,18,212,1290,0,79081,KWZ,B>A,Lazdynėliai,A21-02-1-241216-ab-2210,
Autobusai,21,23245872155,796,25274341,54680423,17,290,1315,-88,79085,KZ,B>A,Lazdynėliai,A21-03-1-241216-ba-2200,
